<?xml version="1.0" encoding="UTF-8"?>
<project name="Spring" default="make.zip" basedir=".">
	<!--Initializing properties
	-->

	<property name="upload" value="${basedir}/upload" />
	<!--Cleaning the Directories-->
	<target name="clean" description="cleans directories">
		<delete dir="${upload}" />
	</target>
	<!--Preparing directories-->
	<target name="init" depends="clean">
		<mkdir dir="${upload}" />
	</target>
	<target name="make.zip" depends="init">
		<zip destfile="${upload}/SpringCaseStudy.zip" basedir="${basedir}" excludes="**/*.class,dist/**,**/*.jar,coverage/**,build/**,upload,/bin/**">
		</zip>
	</target>
</project>

